{
    "model_type": "qwen",
    "kv_cache": {
        "dtype": "float8_e4m3fn",
        "scaling_factor": {
            "0": {
                "0": 0.9765625596046448,
                "1": 0.063232421875,
                "2": 0.02847726084291935,
                "3": 0.0505719892680645,
                "4": 0.0413295216858387,
                "5": 0.0380161851644516,
                "6": 0.0348597951233387,
                "7": 0.0343366377055645,
                "8": 0.0346505306661129,
                "9": 0.0388881154358387,
                "10": 0.0370047464966774,
                "11": 0.0452706478536129,
                "12": 0.0489676371216774,
                "13": 0.0383649580180645,
                "14": 0.0324881449341774,
                "15": 0.0401785746216774,
                "16": 0.5412946939468384,
                "17": 0.0387486070394516,
                "18": 0.0353132002055645,
                "19": 0.0391322560608387,
                "20": 0.035400390625,
                "21": 0.0417480506002903,
                "22": 0.0375627800822258,
                "23": 0.0404924675822258,
                "24": 0.0412248894572258,
                "25": 0.0493861623108387,
                "26": 0.0692661851644516,
                "27": 0.0499093197286129
            }
        }
    }
}