{
    "model_type": "qwen",
    "kv_cache": {
        "dtype": "float8_e4m3fn",
        "scaling_factor": {
            "0": {
                "0": 0.3445870578289032,
                "1": 0.4121094048023224,
                "2": 0.1200474351644516,
                "3": 0.1103515699505806,
                "4": 0.0721958726644516,
                "5": 0.0333426371216774,
                "6": 0.0597795769572258,
                "7": 0.0375627800822258,
                "8": 0.0401785746216774,
                "9": 0.0470145121216774,
                "10": 0.1229771226644516,
                "11": 0.0349644273519516,
                "12": 0.02832031436264515,
                "13": 0.0346156544983387,
                "14": 0.0363420769572258,
                "15": 0.0346505306661129,
                "16": 0.03466796875,
                "17": 0.0392368882894516,
                "18": 0.03515625,
                "19": 0.0359584279358387,
                "20": 0.0329241082072258,
                "21": 0.0364467091858387,
                "22": 0.0566057488322258,
                "23": 0.2547433078289032
            }
        }
    }
}