{
    "model_type": "llama",
    "kv_cache": {
        "dtype": "float8_e4m3fn",
        "scaling_factor": {
            "0": {
                "0": 0.0152239128947258,
                "1": 0.0188860222697258,
                "2": 0.0360979363322258,
                "3": 0.0384695902466774,
                "4": 0.0459333173930645,
                "5": 0.0462472103536129,
                "6": 0.0407017320394516,
                "7": 0.0439453162252903,
                "8": 0.0423409603536129,
                "9": 0.0423409603536129,
                "10": 0.0397251695394516,
                "11": 0.0381556935608387,
                "12": 0.0400739423930645,
                "13": 0.0417480506002903,
                "14": 0.0424455925822258,
                "15": 0.0376325361430645,
                "16": 0.03857421875,
                "17": 0.0421316996216774,
                "18": 0.0419921912252903,
                "19": 0.0409109964966774,
                "20": 0.0391671322286129,
                "21": 0.0407366082072258,
                "22": 0.0432477705180645,
                "23": 0.0395159050822258,
                "24": 0.0408761166036129,
                "25": 0.0374581478536129,
                "26": 0.0419573113322258,
                "27": 0.0442243330180645,
                "28": 0.0438755601644516,
                "29": 0.0473632849752903,
                "30": 0.0435616634786129,
                "31": 0.0484444759786129
            }
        }
    }
}